country,title,release_year,duration,minutes
United States,Buddy Thunderstruck: The Maybe Pile,2017,14 min,14
United States,LEGO Marvel Spider-Man: Vexed by Venom,2019,22 min,22
United States,Kung Fu Panda: Secrets of the Scroll,2016,23 min,23
United States,Puss in Book: Trapped in an Epic Tale,2017,24 min,24
United States,LEGO Jurassic World: The Indominus Escape,2016,25 min,25
United States,A StoryBots Christmas,2017,26 min,26
United States,Trolls Holiday Special,2017,27 min,27
United States,Dragons: Dawn of the Dragon Racers,2014,27 min,27
United States,A Family Reunion Christmas,2019,29 min,29
United States,Prince of Peoria: A Christmas Moose Miracle,2018,29 min,29
United States,"Frankenstein’s Monster’s Monster, Frankenstein",2019,32 min,32
United States,Shadow and Bone - The Afterparty,2021,33 min,33
United States,Party Monster: Scratching the Surface,2018,33 min,33
United States,The Massively Mixed-Up Middle School Mystery,2015,40 min,40
United States,DreamWorks Home: For the Holidays,2017,46 min,46
United States,Dragons: Rescue Riders: Secrets of the Songwing,2020,46 min,46
United States,Dragons: Rescue Riders: Huttsgalor Holiday,2020,46 min,46
United States,Rocko's Modern Life: Static Cling,2019,46 min,46
United States,The Spooky Tale of Captain Underpants Hack-a-ween,2019,46 min,46
United States,Captain Underpants Mega Blissmas,2020,46 min,46
United States,Dragons: Rescue Riders: Hunt for the Golden Dragon,2020,46 min,46
Canada,Ghost Patrol,2016,47 min,47
United States,Sarah Cooper: Everything's Fine,2020,50 min,50
United States,"Michael Bolton's Big, Sexy Valentine's Day Special",2017,54 min,54
United States,A Very Murray Christmas,2015,57 min,57
United States,Grass,2017,57 min,57
United States,The Netflix Afterparty: The Best Shows of The Worst Year,2020,59 min,59
United States,Natalie Palamides: Nate - A One Man Show,2020,60 min,60
United States,Still LAUGH-IN: The Stars Celebrate,2019,61 min,61
United States,Kevin Hart's Guide to Black History,2019,63 min,63
United States,The App That Stole Christmas,2020,64 min,64
United States,A Fairly Odd Summer,2014,68 min,68
United States,"Liar, Liar, Vampire",2015,68 min,68
United States,Malibu Rescue,2019,70 min,70
United States,John Mulaney & The Sack Lunch Bunch,2019,70 min,70
United States,Malibu Rescue: The Next Wave,2020,71 min,71
United States,Girlfriend's Day,2017,71 min,71
United States,Death to 2020,2020,71 min,71
Canada,"Trailer Park Boys: Drunk, High and Unemployed: Live in Austin",2015,74 min,74
United States,Good Kisser,2019,75 min,75
Canada,Swearnet Live,2014,75 min,75
India,Fukrey Boyzzz: Space Mein Fukrapanti,2020,75 min,75
Nigeria,Meet the In-Laws,2017,75 min,75
United States,My Entire High School Sinking Into the Sea,2016,77 min,77
United States,"Yes, God, Yes",2020,78 min,78
United States,Happy Anniversary,2018,78 min,78
Egypt,Hamza's Suitcase,2017,79 min,79
Spain,Despite Everything,2019,79 min,79
United States,Jessica Darling's It List,2016,80 min,80
United States,Take the 10,2017,80 min,80
United States,Fall Girls,2019,80 min,80
United States,Killing Hasselhoff,2017,80 min,80
United States,Handsome: A Netflix Mystery Movie,2017,81 min,81
United States,Captain Underpants Epic Choice-o-Rama,2020,81 min,81
Spain,"¡Ay, mi madre!",2019,81 min,81
Germany,Pettersson and Findus 2,2016,82 min,82
Germany,"Berlin, Berlin: Lolle on the Run",2020,82 min,82
United States,Puerto Ricans in Paris,2015,82 min,82
United States,Fun Mom Dinner,2017,82 min,82
Canada,The New Romantic,2018,82 min,82
United States,Bobbleheads The Movie,2020,83 min,83
United States,The Legacy of a Whitetail Deer Hunter,2018,83 min,83
United States,Between Two Ferns: The Movie,2019,83 min,83
India,Dear Dad,2016,83 min,83
United States,Don Quixote: The Ingenious Gentleman of La Mancha,2015,83 min,83
United States,Lady-Like,2018,83 min,83
Germany,Latte and the Magic Waterstone,2020,83 min,83
Canada,Monkey Up,2016,83 min,83
United States,SMOSH: The Movie,2015,83 min,83
United States,Banana Split,2020,84 min,84
Canada,48 Christmas Wishes,2017,84 min,84
Philippines,Kita Kita,2017,84 min,84
United States,Guest House,2020,84 min,84
United States,Obvious Child,2014,84 min,84
United States,Professor Mack,2018,84 min,84
United States,Take Me,2017,84 min,84
United States,The Incredible Jessica James,2017,84 min,84
United States,Opening Night,2016,84 min,84
Egypt,"It's Okay, Buddy",2017,84 min,84
United States,Welcome to Willits,2017,84 min,84
United States,You Can’t Fight Christmas,2017,85 min,85
United States,The Babysitter,2017,85 min,85
United States,Undercover Brother 2,2019,85 min,85
Egypt,An Upper Egyptian,2014,85 min,85
Canada,The Yeti Adventures,2018,85 min,85
United States,Manson Family Vacation,2015,85 min,85
United States,Hurricane Bianca: From Russia With Hate,2018,85 min,85
United States,Frat Star,2017,85 min,85
Spain,El club de los buenos infieles,2018,85 min,85
United States,Hurricane Bianca,2016,85 min,85
United States,A Haunted House,2013,86 min,86
United States,A Haunted House 2,2014,86 min,86
United States,Santa Claws,2014,86 min,86
Canada,Christmas with a Prince,2018,86 min,86
United States,Vampires vs. the Bronx,2020,86 min,86
United States,Hell and Back,2015,86 min,86
United States,Chronically Metropolitan,2016,86 min,86
Nigeria,Lost in London,2017,86 min,86
United States,A Cinderella Story: Christmas Wish,2019,86 min,86
United States,Boy Bye,2016,86 min,86
Spain,The Little Switzerland,2019,86 min,86
United States,4th Man Out,2015,86 min,86
United States,Where's the Money,2017,86 min,86
Canada,Christmas Wedding Planner,2017,86 min,86
United States,Mustang Island,2017,86 min,86
United States,Pottersville,2017,86 min,86
Egypt,Are We Done Yet?,2018,87 min,87
United States,Bad Grandpa .5,2014,87 min,87
Spain,Something Huge,2017,87 min,87
United States,The Lovebirds,2020,87 min,87
United States,Internet Famous,2016,87 min,87
United States,Under the Eiffel Tower,2018,87 min,87
United States,Ordinary World,2016,87 min,87
Canada,Pants on Fire,2014,87 min,87
United States,Big Bear,2017,87 min,87
Canada,Midnight at the Magnolia,2020,87 min,87
United States,Bad Trip,2021,87 min,87
United States,Christmas Break-In,2019,87 min,87
United States,Coffee & Kareem,2020,88 min,88
United States,Aliens Stole My Body,2020,88 min,88
Spain,"I love you, stupid",2019,88 min,88
United States,Yoga Hosers,2016,88 min,88
United States,The Feels,2018,88 min,88
United States,Janoskians: Untold and Untrue,2016,88 min,88
Canada,Birthmarked,2018,88 min,88
United States,Scary Movie 5,2013,88 min,88
United States,Be Somebody,2016,88 min,88
United States,Life After Beth,2014,89 min,89
Germany,Offline - Das leben ist kein bonuslevel,2016,89 min,89
Spain,Bomb Scared,2017,89 min,89
United States,How High 2,2019,89 min,89
Canada,Room for Rent,2017,89 min,89
Egypt,Step Outside,2018,89 min,89
United States,Little Boxes,2016,89 min,89
United States,El Camino Christmas,2017,89 min,89
United States,Paddleton,2019,89 min,89
United States,Sword of Trust,2019,89 min,89
United States,Win It All,2017,89 min,89
United States,Blue Mountain State: The Rise of Thadland,2016,90 min,90
United States,Aliens Ate My Homework,2018,90 min,90
United States,The Clapper,2017,90 min,90
United States,Lez Bomb,2018,90 min,90
United States,The After Party,2018,90 min,90
United States,YES DAY,2021,90 min,90
United States,Pee-wee's Big Holiday,2016,90 min,90
Canada,Bruno and Boots: The Wizzle War,2017,90 min,90
Nigeria,The Royal Hibiscus Hotel,2017,90 min,90
United States,The Wrong Missy,2020,90 min,90
United States,Good Kids,2016,90 min,90
United States,Benchwarmers 2: Breaking Balls,2019,90 min,90
Canada,Bruno and Boots: This Can't Be Happening at Macdonald Hall,2017,90 min,90
United States,Natural Born Pranksters,2016,91 min,91
Spain,Growing up and other problems,2018,91 min,91
United States,The Trap,2017,91 min,91
United States,The One I Love,2014,91 min,91
United States,"Love, Guaranteed",2020,91 min,91
United States,Woody Woodpecker,2017,91 min,91
Canada,Bruno and Boots: Go Jump in the Pool,2016,91 min,91
United States,Santa Girl,2019,91 min,91
Egypt,30 Days of Luxury,2016,91 min,91
Germany,Right Here Right Now,2018,91 min,91
Indonesia,Target,2018,91 min,91
Spain,The Tribe,2018,91 min,91
United States,Naomi and Ely's No Kiss List,2015,91 min,91
United States,Little Sister,2016,91 min,91
United States,The Long Dumb Road,2018,91 min,91
Spain,It's Now or Never,2015,91 min,91
United States,Freak Show,2018,91 min,91
United States,Operator,2016,91 min,91
United States,Mr. Roosevelt,2017,91 min,91
Spain,We Need to Talk,2016,91 min,91
United States,The Perfect Date,2019,91 min,91
Canada,My Ex-Ex,2015,91 min,91
United States,Don't Think Twice,2016,92 min,92
United States,Rainbow Time,2016,92 min,92
Nigeria,Moms at War,2018,92 min,92
United States,5 Flights Up,2014,92 min,92
United States,Spivak,2017,92 min,92
Nigeria,Wives on Strike,2016,92 min,92
United States,Someone Great,2019,92 min,92
Spain,Our Lovers,2016,92 min,92
Canada,My Perfect Romance,2018,92 min,92
India,What Are the Odds?,2020,92 min,92
United States,Holly Star,2018,92 min,92
United States,The Resurrection of Gavin Stone,2017,92 min,92
United States,Almost Love,2020,92 min,92
United States,F the Prom,2017,92 min,92
Canada,Fearless,2020,92 min,92
United States,Deidra & Laney Rob a Train,2017,92 min,92
Canada,Pup Star,2016,92 min,92
United States,The Christmas Project,2016,92 min,92
United States,Brave New Jersey,2016,92 min,92
United States,Unicorn Store,2019,92 min,92
United States,Penguins of Madagascar: The Movie,2014,92 min,92
India,Chippa,2020,92 min,92
Spain,For Your Own Good,2017,93 min,93
United States,Arlo the Alligator Boy,2021,93 min,93
Turkey,Night of Knots,2018,93 min,93
United States,Mr. Peabody & Sherman,2014,93 min,93
Spain,Spy Time,2015,93 min,93
Egypt,May You Prosper,2017,93 min,93
United States,Krystal,2017,93 min,93
United States,Summer Night,2019,93 min,93
Egypt,Savage Raghda,2018,93 min,93
United States,Hot Bot,2016,93 min,93
Germany,3 Türken & ein Baby,2015,93 min,93
United States,Russell Madness,2015,93 min,93
India,Grand Masti,2013,93 min,93
Egypt,From Japan to Egypt,2017,93 min,93
United States,Search Party,2014,93 min,93
United States,21 & Over,2013,93 min,93
Canada,Pup Star: Better 2Gether,2017,93 min,93
Nigeria,Hakkunde,2017,93 min,93
United States,The Knight Before Christmas,2019,93 min,93
United States,Let It Snow,2019,93 min,93
India,Watchman,2019,93 min,93
Spain,A Remarkable Tale,2019,94 min,94
United States,The Outcasts,2017,94 min,94
United States,Walk of Shame,2014,94 min,94
Nigeria,Flower Girl,2013,94 min,94
Indonesia,Bridezilla,2019,94 min,94
United States,Band Aid,2017,94 min,94
United States,Ibiza,2018,94 min,94
United States,Dean,2016,94 min,94
United States,Home,2015,94 min,94
Egypt,Alarmoty in the Land of Fire,2017,94 min,94
United States,Movie 43,2013,94 min,94
Nigeria,The Lost Okoroshi,2019,94 min,94
United States,Total Frat Movie,2016,94 min,94
United States,Swiped,2018,94 min,94
Egypt,El-Khawaga's Dilemma,2018,94 min,94
Egypt,Farce,2017,94 min,94
Turkey,A Chaster Marriage,2016,94 min,94
Canada,Sadie's Last Days on Earth,2016,94 min,94
Nigeria,Taxi Driver,2015,94 min,94
Germany,Schubert In Love,2016,94 min,94
United States,The Polka King,2018,94 min,94
United States,The Tiger Hunter,2016,94 min,94
Canada,Undercover Grandpa,2016,94 min,94
United States,Trash Fire,2016,94 min,94
United States,Work It,2020,94 min,94
United States,Lady Bird,2017,94 min,94
India,Hope Aur Hum,2018,95 min,95
United States,Cloudy with a Chance of Meatballs 2,2013,95 min,95
United States,Bring It On: Worldwide Showdown,2017,95 min,95
Nigeria,The Millions,2019,95 min,95
Turkey,"Love, Surreal and Odd",2017,95 min,95
United States,Bigger Fatter Liar,2017,95 min,95
United States,Sister Code,2015,95 min,95
United States,Little Evil,2017,95 min,95
United States,The Package,2018,95 min,95
United States,Father of the Year,2018,95 min,95
Egypt,Used Goods,2018,95 min,95
United States,The Late Bloomer,2016,95 min,95
Spain,Holy Goalie,2017,95 min,95
United States,Friendsgiving,2020,95 min,95
United States,Band of Robbers,2015,95 min,95
Turkey,Hadi İnşallah,2014,95 min,95
United States,Mascots,2016,95 min,95
Indonesia,My Stupid Boss 2,2019,95 min,95
India,Yeh Hai Bakrapur,2014,95 min,95
Turkey,Stunt School,2019,95 min,95
Nigeria,Lionheart,2018,95 min,95
United States,MR. RIGHT,2015,96 min,96
United States,Catfight,2016,96 min,96
United States,American Pie 9: Girls' Rules,2020,96 min,96
United States,The Laundromat,2019,96 min,96
United States,First Impression,2018,96 min,96
United States,Straight Up,2020,96 min,96
Philippines,Born Beautiful,2019,96 min,96
Egypt,Mohamed Hussein,2019,96 min,96
India,What the Fish,2013,96 min,96
United States,I'll See You in My Dreams,2015,96 min,96
United States,Grand-Daddy Day Care,2019,96 min,96
United States,Speech & Debate,2017,96 min,96
United States,68 Kill,2017,96 min,96
Canada,Cop and a Half: New Recruit,2017,96 min,96
Spain,Toc Toc,2017,96 min,96
India,Cycle,2018,96 min,96
United States,Operation Christmas Drop,2020,96 min,96
United States,Don Verdean,2015,96 min,96
United States,Turbo,2013,96 min,96
United States,Then Came You,2019,97 min,97
Egypt,The Suit,2018,97 min,97
United States,The Princess Switch: Switched Again,2020,97 min,97
Turkey,Stuck Apart,2021,97 min,97
United States,Drunk Parents,2019,97 min,97
India,Eeb Allay Ooo!,2019,97 min,97
United States,Hotel Transylvania 3: Summer Vacation,2018,97 min,97
Turkey,Çarsi Pazar,2015,97 min,97
Spain,Ni de coña,2020,97 min,97
United States,Airplane Mode,2020,97 min,97
United States,Bulletproof 2,2020,97 min,97
United States,The Good Catholic,2017,97 min,97
United States,Bitch,2017,97 min,97
United States,5 to 7,2014,97 min,97
United States,While We're Young,2015,97 min,97
Canada,He Never Died,2015,97 min,97
United States,The Fundamentals of Caring,2016,97 min,97
Spain,My Big Night,2015,97 min,97
United States,Other People,2016,97 min,97
Spain,Heroes Wanted,2016,97 min,97
United States,Home Again,2017,97 min,97
United States,Dude,2018,97 min,97
United States,Naked,2017,97 min,97
United States,When We First Met,2018,97 min,97
United States,The Land of Steady Habits,2018,98 min,98
United States,Blue Jasmine,2013,98 min,98
Indonesia,Whipped,2020,98 min,98
United States,Manhattan Romance,2014,98 min,98
United States,Murder Mystery,2019,98 min,98
United States,Falling Inn Love,2019,98 min,98
United States,True Memoirs of an International Assassin,2016,98 min,98
Nigeria,Chief Daddy,2018,98 min,98
Spain,In Family I Trust,2018,98 min,98
United States,The Lovers,2017,98 min,98
United States,Carrie Pilby,2016,98 min,98
Nigeria,The Wedding Party 2: Destination Dubai,2017,98 min,98
United States,Always a Bridesmaid,2019,98 min,98
United States,Love Dot Com: The Social Experiment,2019,98 min,98
Turkey,Hayat Öpücügü,2015,98 min,98
United States,America: The Motion Picture,2021,98 min,98
Nigeria,Isoken,2017,98 min,98
United States,Nappily Ever After,2018,99 min,99
Spain,Thi Mai,2017,99 min,99
United States,Christian Mingle,2014,99 min,99
Nigeria,A Trip to Jamaica,2016,99 min,99
United States,#realityhigh,2017,99 min,99
United States,Barely Lethal,2015,99 min,99
Egypt,My Dog is My Guide,2013,99 min,99
India,Cinema Bandi,2021,99 min,99
United States,The Croods,2013,99 min,99
United States,The Last Laugh,2019,99 min,99
United States,Say When,2014,99 min,99
Egypt,Because We're Heading Out,2016,99 min,99
Turkey,Hükümet Kadin,2013,100 min,100
Germany,How to Be Really Bad,2018,100 min,100
Nigeria,The Ghost and the Tout,2018,100 min,100
India,Brij Mohan Amar Rahe,2018,100 min,100
United States,Sextuplets,2019,100 min,100
United States,To All the Boys I’ve Loved Before,2018,100 min,100
Turkey,Küçük Esnaf,2016,100 min,100
Spain,Seventeen,2019,100 min,100
United States,Alex Strangelove,2018,100 min,100
Turkey,Kill Me If You Dare,2019,100 min,100
Spain,The Laws of Thermodynamics,2018,101 min,101
India,Axone,2020,101 min,101
Egypt,Mama's Boy,2018,101 min,101
Nigeria,The Wedding Party,2016,101 min,101
United States,Life of Crime,2013,101 min,101
India,Chopsticks,2019,101 min,101
Turkey,Dedemin Fisi,2016,101 min,101
Egypt,Good and Prosperous,2017,101 min,101
India,Shortcut Safari,2016,101 min,101
United States,All About Nina,2018,101 min,101
Indonesia,The Heartbreak Club,2020,101 min,101
United States,Sleeping with Other People,2015,101 min,101
India,Jai Mummy Di,2020,101 min,101
Canada,The Confirmation,2016,101 min,101
Turkey,Babamın Ceketi,2018,101 min,101
Turkey,Kara Bela,2015,101 min,101
Turkey,Hükümet Kadin 2,2013,101 min,101
United States,We Can Be Heroes,2020,101 min,101
Nigeria,Brother Jekwu,2016,101 min,101
Turkey,Deliha,2014,102 min,102
Turkey,Düğün Dernek,2013,102 min,102
United States,To All the Boys: P.S. I Still Love You,2020,102 min,102
United States,Milkwater,2020,102 min,102
United States,A Futile and Stupid Gesture,2018,102 min,102
Egypt,Flimflam,2016,102 min,102
United States,The Stand-In,2020,102 min,102
Turkey,Deliha 2,2018,102 min,102
United States,"Game Over, Man!",2018,102 min,102
Canada,Goon: Last of the Enforcers,2016,102 min,102
United States,The Babysitter: Killer Queen,2020,102 min,102
Indonesia,Crazy Awesome Teachers,2020,102 min,102
Spain,"Live Twice, Love Once",2020,102 min,102
Nigeria,Green White Green (And All the Beautiful Colours in My Mosaic of Madness),2016,102 min,102
Turkey,Niyazi Gül Dörtnala,2015,102 min,102
Turkey,Kids on the Block,2019,102 min,102
Turkey,Eyyvah Eyyvah 3,2014,103 min,103
United States,The Main Event,2020,103 min,103
United States,Tall Girl,2019,103 min,103
United States,Class Rank,2018,103 min,103
United States,Big Stone Gap,2014,103 min,103
United States,The F**k-It List,2019,103 min,103
Turkey,Bana Masal Anlatma,2015,103 min,103
United States,The Competition,2018,103 min,103
Philippines,"Girl, Boy, Bakla, Tomboy",2013,103 min,103
United States,Hubie Halloween,2020,104 min,104
Turkey,Kocan Kadar Konus,2015,104 min,104
Nigeria,The Accidental Spy,2017,104 min,104
United States,Camera Store,2016,104 min,104
United States,Camp Cool Kids,2017,104 min,104
United States,Wine Country,2019,104 min,104
United States,Christopher Robin,2018,104 min,104
Philippines,All of You,2017,104 min,104
United States,The Meddler,2015,104 min,104
United States,The Christmas Chronicles,2018,104 min,104
United States,The Disaster Artist,2017,104 min,104
Turkey,Görümce,2016,104 min,104
India,Kanavu Variyam,2017,104 min,104
United States,Like Father,2018,104 min,104
United States,The Sleepover,2020,104 min,104
United States,The Starling,2021,104 min,104
Turkey,Kocan Kadar Konus 2: Dirilis,2016,104 min,104
Turkey,Bygones Be Bygones,2017,104 min,104
United States,Holidate,2020,105 min,105
United States,The Half Of It,2020,105 min,105
Turkey,Romantik Komedi 2: Bekarlığa Veda,2013,105 min,105
India,House Arrest,2019,105 min,105
Philippines,The Amazing Praybeyt Benjamin,2014,105 min,105
Spain,4L,2019,105 min,105
Turkey,Overnight Republic,2017,105 min,105
Turkey,Patron Mutlu Son Istiyor,2014,105 min,105
Canada,#Roxy,2018,105 min,105
United States,Results,2015,105 min,105
Spain,Zipi & Zape y la Isla del Capitan,2016,105 min,105
Turkey,Locked on You,2018,105 min,105
India,Adhugo,2018,105 min,105
Germany,Lommbock,2017,106 min,106
Nigeria,Confusion Na Wa,2013,106 min,106
United States,Rock the Kasbah,2015,106 min,106
Philippines,Must Be... Love,2013,106 min,106
Nigeria,Merry Men: The Real Yoruba Demons,2018,106 min,106
United States,Set It Up,2018,106 min,106
Nigeria,Who's the Boss,2020,106 min,106
United States,"Faith, Hope & Love",2019,106 min,106
India,Tuesdays & Fridays,2021,106 min,106
Indonesia,Too Handsome to Handle,2019,106 min,106
United States,Wish I Was Here,2014,106 min,106
Germany,Christmas Crossfire,2020,106 min,106
United States,Sierra Burgess Is A Loser,2018,106 min,106
Turkey,You're Everything To Me,2016,107 min,107
Turkey,Turkish Dance School,2017,107 min,107
Spain,Spanish Affair 2,2015,107 min,107
Nigeria,Crazy people,2018,107 min,107
Indonesia,My Stupid Boss,2016,107 min,107
India,Deewana Main Deewana,2013,107 min,107
Spain,Off Course,2015,107 min,107
Philippines,Three Words to Forever,2018,107 min,107
Spain,Crazy About Her,2021,107 min,107
United States,A California Christmas,2020,107 min,107
India,Mumbai Delhi Mumbai,2014,107 min,107
Egypt,Sameer Abu Alneel,2013,107 min,107
Nigeria,Namaste Wahala,2021,107 min,107
Turkey,Dügün Dernek 2: Sünnet,2015,107 min,107
United States,Wheels of Fortune,2020,107 min,107
United States,Desperados,2020,107 min,107
United States,Thunder Force,2021,107 min,107
Philippines,The Panti Sisters,2019,108 min,108
United States,Step Sisters,2018,108 min,108
United States,The Dirt,2019,108 min,108
Spain,Holy Camp!,2017,108 min,108
Spain,Superlopez,2018,108 min,108
Nigeria,Banana Island Ghost,2017,108 min,108
India,Motu Patlu: King of Kings,2016,109 min,109
India,AK vs AK,2020,109 min,109
India,War Chhod Na Yaar,2013,109 min,109
United States,The Do-Over,2016,109 min,109
Nigeria,Okafor's Law,2016,110 min,110
India,Maniyarayile Ashokan,2020,110 min,110
United States,Feel the Beat,2020,110 min,110
Nigeria,Payday,2018,110 min,110
Turkey,Brother in Love,2019,110 min,110
United States,The Last Summer,2019,110 min,110
Philippines,Bride For Rent,2014,110 min,110
United States,Dumplin',2018,110 min,110
India,Chal Bhaag,2014,110 min,110
India,Bareilly Ki Barfi,2017,110 min,110
Egypt,Antar: Son of Shadad,2017,110 min,110
India,CRD,2016,110 min,110
United States,Muppets Most Wanted,2014,110 min,110
Turkey,My Travel Buddy,2017,111 min,111
United States,Spenser Confidential,2020,111 min,111
Turkey,Travel Mates 2,2018,111 min,111
India,Santa Banta Pvt Ltd,2016,111 min,111
United States,The Paper Tigers,2021,111 min,111
Philippines,Love You to the Stars and Back,2017,111 min,111
India,Halkaa,2018,111 min,111
Nigeria,Love Is War,2019,111 min,111
Canada,Swearnet: The Movie,2014,112 min,112
Egypt,Tattah,2013,112 min,112
India,Maska,2020,112 min,112
United States,Moxie,2021,112 min,112
India,Chaman Bahaar,2020,112 min,112
United States,The Interview,2014,112 min,112
India,Gollu Aur Pappu,2014,112 min,112
Nigeria,It's Her Day,2016,112 min,112
India,Upstarts,2019,112 min,112
Indonesia,A Perfect Fit,2021,113 min,113
India,Sarbath,2021,113 min,113
Nigeria,Fate of Alakada,2020,113 min,113
Turkey,Leyla Everlasting,2020,113 min,113
United States,The Meyerowitz Stories (New and Selected),2017,113 min,113
Spain,Anchor and Hope,2017,113 min,113
United States,Ralph Breaks the Internet: Wreck-It Ralph 2,2018,113 min,113
India,Luckee,2019,113 min,113
India,Cargo,2020,113 min,113
India,Chicken Kokkachi,2017,113 min,113
Germany,Isi & Ossi,2020,113 min,113
Philippines,Lola Igna,2019,114 min,114
Philippines,Fantastica,2018,114 min,114
Philippines,Crazy Beautiful You,2015,114 min,114
India,Door Ke Darshan,2020,114 min,114
India,Dhanak,2015,114 min,114
India,Pagglait,2021,114 min,114
India,Ungli,2014,114 min,114
Canada,The Christmas Chronicles: Part Two,2020,115 min,115
India,Sudani from Nigeria,2018,115 min,115
Turkey,Ali Baba ve 7 Cüceler,2015,115 min,115
India,Indoo Ki Jawani,2020,115 min,115
Nigeria,Quam's Money,2020,115 min,115
Indonesia,Love You... Love You Not,2015,115 min,115
United States,The Boss Baby: Get That Baby!,2020,115 min,115
India,Running Shaadi,2017,115 min,115
Nigeria,Merry Men 2: Another Mission,2019,115 min,115
Philippines,The Super Parental Guardians,2016,115 min,115
United States,Chef,2014,115 min,115
India,Serious Men,2020,115 min,115
India,Laatu,2018,116 min,116
Germany,Look Who's Back,2015,116 min,116
Indonesia,Mariposa,2020,116 min,116
Philippines,Four Sisters Before the Wedding,2020,116 min,116
Egypt,Freezer's Campaign,2016,116 min,116
India,Bobby Jasoos,2014,116 min,116
United States,To All The Boys: Always And Forever,2021,116 min,116
India,KD (A) Karuppudurai,2019,116 min,116
United States,The Week Of,2018,117 min,117
India,Bhaji In Problem,2013,117 min,117
India,P Se PM Tak,2015,117 min,117
Egypt,Monopoly (The Bank Of Luck),2017,117 min,117
Philippines,You're My Boss,2015,117 min,117
Nigeria,Kasanova,2019,117 min,117
United States,Spider-Man: Into the Spider-Verse,2018,117 min,117
India,Motor Mitraan Di,2016,117 min,117
India,Next Enti?,2018,117 min,117
United States,The Incredibles 2,2018,118 min,118
United States,Mother's Day,2016,118 min,118
Philippines,The Third Party,2016,118 min,118
United States,Ant-Man and the Wasp,2018,118 min,118
United States,Dolemite Is My Name,2019,118 min,118
India,Colkatay Columbus,2016,118 min,118
United States,Incredibles 2 (Spanish Version),2018,118 min,118
India,The Legend of Michael Mishra,2016,118 min,118
India,Rajma Chawal,2018,119 min,119
Nigeria,Kambili: The Whole 30 Yards,2020,119 min,119
United States,Captain Fantastic,2016,119 min,119
Philippines,Beauty and the Bestie,2015,119 min,119
India,High End Yaariyan,2019,120 min,120
India,Coffee with D,2017,120 min,120
India,Qarib Qarib Singlle,2017,120 min,120
India,Mischief,2019,120 min,120
United States,The Ridiculous 6,2015,120 min,120
India,Ek Ladki Ko Dekha Toh Aisa Laga,2019,120 min,120
Philippines,Can't Help Falling in Love,2017,120 min,120
India,Naughty Jatts,2013,121 min,121
Philippines,Unexpectedly Yours,2017,121 min,121
India,Shimla Mirchi,2020,121 min,121
India,Lust Stories,2018,121 min,121
Egypt,Scarecrow,2019,121 min,121
Philippines,My Ex & Whys,2017,121 min,121
India,Chashme Buddoor,2013,121 min,121
India,Odu Raja Odu,2018,121 min,121
India,Chashme Baddoor,2013,121 min,121
India,Khoobsurat,2014,121 min,121
India,Pooja Kiven Aa,2013,122 min,122
Turkey,Money Trap,2019,122 min,122
India,Oru Vishsheshapetta Biryani Kissa,2017,122 min,122
United States,Finding ‘Ohana,2021,123 min,123
United States,War Machine,2017,123 min,123
India,The Shaukeens,2014,123 min,123
India,Settai,2013,123 min,123
India,90 ML,2019,123 min,123
United States,Eurovision Song Contest: The Story of Fire Saga,2020,124 min,124
India,Welcome 2 Karachi,2015,124 min,124
India,15 August,2019,124 min,124
United States,The Forty-Year-Old Version,2020,124 min,124
United States,Private Life,2018,124 min,124
India,15-Aug,2019,124 min,124
India,Kyaa Kool Hain Hum 3,2016,124 min,124
India,Tu Hai Mera Sunday,2016,125 min,125
India,Njan Prakashan,2018,125 min,125
India,Luka Chuppi,2019,125 min,125
Philippines,Four Sisters and a Wedding,2013,125 min,125
India,Time Please,2013,125 min,125
Canada,Bon Cop Bad Cop 2,2017,126 min,126
India,Sei,2018,126 min,126
India,Aajcha Divas Majha,2013,126 min,126
India,Cappuccino,2017,126 min,126
India,Ginny Weds Sunny,2020,126 min,126
Turkey,Among Family,2017,127 min,127
Philippines,It Takes a Man and a Woman,2013,127 min,127
India,Super Nani,2014,127 min,127
India,Baby Dolls,2019,127 min,127
India,Stree,2018,127 min,127
India,Sat Shri Akaal England,2017,127 min,127
India,Abby Sen,2015,127 min,127
Philippines,Everything About Her,2016,127 min,127
India,Dharam Sankat Mein,2015,127 min,127
Indonesia,Single,2015,127 min,127
India,Kilometers and Kilometers,2020,127 min,127
India,Angamaly Diaries,2017,128 min,128
India,Truckbhar Swapna,2018,128 min,128
India,Poster Boys,2017,128 min,128
India,Made in China,2019,128 min,128
India,Jatts in Golmaal,2013,128 min,128
India,Muramba,2017,128 min,128
Philippines,Seven Sundays,2017,128 min,128
India,Happy Go Lucky,2014,129 min,129
India,Ghanchakkar,2013,129 min,129
Spain,Yucatán,2018,130 min,130
United States,Shrek the Musical,2013,130 min,130
India,Bhangra Paa Le,2019,130 min,130
India,Veerey Ki Wedding,2018,130 min,130
India,Abhinetri,2016,131 min,131
United States,Thor: Ragnarok,2017,131 min,131
India,Humpty Sharma Ki Dulhania,2014,131 min,131
United States,Sandy Wexler,2017,131 min,131
India,Saadey CM Saab,2015,131 min,131
India,Zed Plus,2014,131 min,131
India,Motichoor Chaknachoor,2019,132 min,132
India,R.K.Nagar,2019,132 min,132
India,Kis Kisko Pyaar Karoon,2015,132 min,132
United States,The Prom,2020,132 min,132
India,Story of an Egg,2017,132 min,132
India,Katti Batti,2015,132 min,132
India,Theeya Velai Seyyanum Kumaru,2013,132 min,132
India,Sillu Karuppatti,2019,133 min,133
India,Kaake Da Viyah,2019,133 min,133
India,Ee Nagaraniki Emaindi,2018,133 min,133
India,Roohi,2021,133 min,133
India,Teshan,2016,133 min,133
India,Thug Life,2017,133 min,133
India,Love Per Square Foot,2018,133 min,133
United States,The Ballad of Buster Scruggs,2018,133 min,133
Turkey,Pek Yakında,2014,134 min,134
India,Bangistan,2015,134 min,134
India,Evvarikee Cheppoddu,2019,134 min,134
India,One by Two,2014,135 min,135
India,Marriage Palace,2018,135 min,135
India,Chennai Express,2013,135 min,135
India,The Zoya Factor,2019,135 min,135
India,Hasee Toh Phasee,2014,135 min,135
India,Fukrey,2013,135 min,135
India,Pyaar Ka Punchnama 2,2015,136 min,136
India,Manje Bistre,2017,136 min,136
India,The Man Who Feels No Pain,2018,137 min,137
India,Uma Maheswara Ugra Roopasya,2020,137 min,137
India,Andhadhun,2018,137 min,137
India,Judge Singh LLB,2015,137 min,137
India,Kapoor & Sons,2016,138 min,138
India,Poshter Girl,2016,138 min,138
India,Bheeshma,2020,138 min,138
India,PhotoCopy,2016,138 min,138
India,Queen,2014,138 min,138
India,Mundeyan Ton Bachke Rahin,2014,139 min,139
India,Thottappan,2019,139 min,139
India,Boss,2013,139 min,139
India,Sardar Ka Grandson,2021,140 min,140
Canada,Sardaar ji,2015,140 min,140
India,Himmatwala,2013,140 min,140
India,Hunterrr,2015,140 min,140
India,What the Jatt!!,2015,140 min,140
India,Mandela,2021,140 min,140
India,Sur Sapata,2019,140 min,140
India,Jatt James Bond,2014,142 min,142
India,Care of Kancharapalem,2018,142 min,142
India,Jab Harry Met Sejal,2017,142 min,142
India,Magnificent,2015,143 min,143
India,2 States,2014,143 min,143
India,Varane Avashyamund,2020,144 min,144
India,Gori Tere Pyaar Mein,2013,144 min,144
India,Judwaa 2,2017,145 min,145
India,Toilet: Ek Prem Katha,2017,145 min,145
Nigeria,Gold Statue,2019,145 min,145
India,Dedh Ishqiya,2014,146 min,146
India,PK,2014,146 min,146
India,Lechmi,2017,147 min,147
India,Yamla Pagla Deewana 2,2013,147 min,147
Nigeria,Omo Ghetto: the Saga,2020,147 min,147
India,Dear Zindagi,2016,149 min,149
India,Aadu 2,2017,150 min,150
India,Ludo,2020,150 min,150
India,Aelay,2021,151 min,151
India,Manmadhudu 2,2019,152 min,152
India,Mubarakan,2017,153 min,153
India,Jagga Jasoos,2017,155 min,155
India,Oh! Baby,2019,157 min,157
India,Kannum Kannum Kollaiyadithaal,2020,160 min,160
India,Ala Vaikunthapurramuloo,2020,162 min,162
India,Love Ni Bhavai,2017,163 min,163
India,Petta,2019,170 min,170
India,Dil Dhadakne Do,2015,174 min,174
India,Super Deluxe,2019,176 min,176
India,Happy New Year,2014,179 min,179
United States,Unbreakable Kimmy Schmidt: Kimmy vs. the Reverend,2020,190 min,190
